id;image;image_content_type;description
1;../fake-data/blob/hipster.png;image/png;Cambridgeshire International
2;../fake-data/blob/hipster.png;image/png;Dollar Spurs Front-line
3;../fake-data/blob/hipster.png;image/png;fuchsia disintermediate
4;../fake-data/blob/hipster.png;image/png;Harbors
5;../fake-data/blob/hipster.png;image/png;Buckinghamshire JSON
6;../fake-data/blob/hipster.png;image/png;Krone Lake
7;../fake-data/blob/hipster.png;image/png;Steel
8;../fake-data/blob/hipster.png;image/png;Synergistic quantify Clothing
9;../fake-data/blob/hipster.png;image/png;vortals users
10;../fake-data/blob/hipster.png;image/png;Producer
